,Keyword,Volumne,Keyword Difficulty,CPC,CPC (USD)
,asd ksksks master,,,,
,master financial risk management,,,,
0,master financial risk management,NAN,NAN,NAN,NAN
1,masters in risk management,NAN,NAN,NAN,NAN
2,masters in risk management online,NAN,NAN,NAN,NAN
3,masters in financial risk management online,NAN,NAN,NAN,NAN
4,masters financial risk management,NAN,NAN,NAN,NAN
5,masters finance risk management,NAN,NAN,NAN,NAN
6,masters of financial risk management,NAN,NAN,NAN,NAN
7,masters risk management,NAN,NAN,NAN,NAN
8,risk management masters,NAN,NAN,NAN,NAN
9,financial risk management masters,NAN,NAN,NAN,NAN
10,masters in finance and risk management,NAN,NAN,NAN,NAN
11,master in financial risk management,NAN,NAN,NAN,NAN
12,masters in financial risk management,NAN,NAN,NAN,NAN
13,masters degree in finance and risk management,NAN,NAN,NAN,NAN
14,financial risk management masters degree,NAN,NAN,NAN,NAN
15,master of finance,NAN,NAN,NAN,NAN
16,financial risk management certification,NAN,NAN,NAN,NAN
17,masters degree in risk management online,NAN,NAN,NAN,NAN
18,masters degree in risk management,NAN,NAN,NAN,NAN
19,risk management master degree,NAN,NAN,NAN,NAN
20,risk management master ranking,NAN,NAN,NAN,NAN
21,masters in risk management ranking,NAN,NAN,NAN,NAN
22,online masters in risk management,NAN,NAN,NAN,NAN
23,risk management masters online,NAN,NAN,NAN,NAN
24,risk management masters degree,NAN,NAN,NAN,NAN
25,masters of risk management,NAN,NAN,NAN,NAN
26,risk management online masters degree,NAN,NAN,NAN,NAN
27,risk management masters program,NAN,NAN,NAN,NAN
28,masters risk management online,NAN,NAN,NAN,NAN
29,master in risk management ranking,NAN,NAN,NAN,NAN
30,risk management master,NAN,NAN,NAN,NAN
31,online masters degree in risk management,NAN,NAN,NAN,NAN
32,masters of risk management online,NAN,NAN,NAN,NAN
33,risk management masters degree online,NAN,NAN,NAN,NAN
34,online risk management masters,NAN,NAN,NAN,NAN
35,'master''s degree risk management',NAN,NAN,NAN,NAN
36,risk management master degree online,NAN,NAN,NAN,NAN
37,online risk management masters degree,NAN,NAN,NAN,NAN
38,master degree risk management,NAN,NAN,NAN,NAN
39,online masters risk management,NAN,NAN,NAN,NAN
40,financial risk management degree,NAN,NAN,NAN,NAN
41,master degree in risk management,NAN,NAN,NAN,NAN
42,risk masters degree,NAN,NAN,NAN,NAN
43,risk management program,NAN,NAN,NAN,NAN
44,risk management program rankings,NAN,NAN,NAN,NAN
45,risk management program training,NAN,NAN,NAN,NAN
46,finance risk management degree,NAN,NAN,NAN,NAN
47,financial risk management program,NAN,NAN,NAN,NAN
48,risk management program management,NAN,NAN,NAN,NAN
49,financial risk management certification program,NAN,NAN,NAN,NAN
50,risk management online training,NAN,NAN,NAN,NAN
51,risk management certification online,NAN,NAN,NAN,NAN
52,best risk management certification,NAN,NAN,NAN,NAN
53,master of financial risk management,NAN,NAN,NAN,NAN
54,enterprise risk management programme,NAN,NAN,NAN,NAN
55,risk management online certification,NAN,NAN,NAN,NAN
56,risk certification program,NAN,NAN,NAN,NAN
57,online risk management certification,NAN,NAN,NAN,NAN
58,finance and risk management,NAN,NAN,NAN,NAN
59,degree for risk management,NAN,NAN,NAN,NAN
60,online risk management degree,NAN,NAN,NAN,NAN
61,risk degree courses,NAN,NAN,NAN,NAN
62,master financial regulation and risk management,NAN,NAN,NAN,NAN
63,risk management degree courses,NAN,NAN,NAN,NAN
64,risk management degree online,NAN,NAN,NAN,NAN
65,master of risk management,NAN,NAN,NAN,NAN
66,master risk management,NAN,NAN,NAN,NAN
67,master in risk management,NAN,NAN,NAN,NAN
68,master risk management online,NAN,NAN,NAN,NAN
69,master in risk management online,NAN,NAN,NAN,NAN
70,master of risk management online,NAN,NAN,NAN,NAN
71,master corporative finance,NAN,NAN,NAN,NAN
72,master corporate finance,NAN,NAN,NAN,NAN
73,master of corporate finance,NAN,NAN,NAN,NAN
74,corporate finance master,NAN,NAN,NAN,NAN
75,master corporate finance online,NAN,NAN,NAN,NAN
76,master in corporate finance,NAN,NAN,NAN,NAN
77,master of corporate finance online,NAN,NAN,NAN,NAN
78,corporate finance master program,NAN,NAN,NAN,NAN
79,master en corporate finance,NAN,NAN,NAN,NAN
80,master degree in finance,NAN,NAN,NAN,NAN
81,master degree in finance online,NAN,NAN,NAN,NAN
82,corporate finance programme,NAN,NAN,NAN,NAN
83,mcf corporate finance,NAN,NAN,NAN,NAN
84,degree in corporate finance,NAN,NAN,NAN,NAN
85,corporate finance degree,NAN,NAN,NAN,NAN
86,master degree in finance and accounting,NAN,NAN,NAN,NAN
87,corporate finance ranking,NAN,NAN,NAN,NAN
88,corporate finance programmes,NAN,NAN,NAN,NAN
89,master degree in finance careers,NAN,NAN,NAN,NAN
90,master degree in finance ranking,NAN,NAN,NAN,NAN
91,corporate finance degree online,NAN,NAN,NAN,NAN
92,master of finance management,NAN,NAN,NAN,NAN
93,master in financial management,NAN,NAN,NAN,NAN
94,mfin ranking,NAN,NAN,NAN,NAN
95,corporate finance courses,NAN,NAN,NAN,NAN
96,corporate finance trainee,NAN,NAN,NAN,NAN
97,master of finance program,NAN,NAN,NAN,NAN
98,best master in finance courses,NAN,NAN,NAN,NAN
99,corporate finance courses online,NAN,NAN,NAN,NAN
100,master of finance online degree,NAN,NAN,NAN,NAN
101,master program in finance,NAN,NAN,NAN,NAN
102,master of financial management,NAN,NAN,NAN,NAN
103,mfin degree,NAN,NAN,NAN,NAN
104,master in finance program,NAN,NAN,NAN,NAN
105,finance master program,NAN,NAN,NAN,NAN
106,master degree of economics,NAN,NAN,NAN,NAN
107,master finance online,NAN,NAN,NAN,NAN
108,master in finance online,NAN,NAN,NAN,NAN
109,master of investment management,NAN,NAN,NAN,NAN
110,master economics degree,NAN,NAN,NAN,NAN
111,master degree courses in finance,NAN,NAN,NAN,NAN
112,master in finance online program,NAN,NAN,NAN,NAN
113,master degree in economic,NAN,NAN,NAN,NAN
114,master finance program,NAN,NAN,NAN,NAN
115,course financial risk management,NAN,NAN,NAN,NAN
116,international finance master,NAN,66.75,NAN,0.0
117,master international finance,NAN,68.42,NAN,0.0
118,master of accounting and international finance,NAN,0.0,NAN,0.0
119,master of international economics and finance,NAN,0.0,NAN,22.89
120,international master in finance,NAN,0.0,NAN,0.0
121,master of management international accounting and finance,NAN,0.0,NAN,0.0
122,international master in economics and finance,NAN,0.0,NAN,0.0
123,international master program in global finance,NAN,0.0,NAN,0.0
124,master in international accounting and finance,NAN,0.0,NAN,0.0
125,master in international finance ranking,NAN,0.0,NAN,0.0
126,master in international project finance,NAN,0.0,NAN,0.0
127,master international finance and economics,NAN,0.0,NAN,0.0
128,master international finance master,NAN,0.0,NAN,0.0
129,master international finance online,NAN,0.0,NAN,0.0
130,master international finance ranking,NAN,0.0,NAN,0.0
131,master of international economics & finance,NAN,0.0,NAN,0.0
132,master of international economics and finance commerce,NAN,0.0,NAN,0.0
133,master of international finance and accounting,NAN,0.0,NAN,0.0
134,master of international finance and economics,NAN,0.0,NAN,0.0
135,master of management international accounting & finance,NAN,0.0,NAN,0.0
136,corporate finance master degree,NAN,0.0,NAN,0.0
137,master finance corporate finance,NAN,0.0,NAN,0.0
138,master finance corporation,NAN,0.0,NAN,0.0
139,master in corporate finance online,NAN,0.0,NAN,0.0
140,online master in corporate finance,NAN,0.0,NAN,0.0
141,financial risk management master program,NAN,0.0,NAN,0.0
142,'financial risk management master''s degree',NAN,0.0,NAN,0.0
143,master degree in financial risk management,NAN,0.0,NAN,0.0
144,master of financial risk management program,NAN,0.0,NAN,0.0
145,mfrm,NAN,81.59,0.0,NAN
146,masters degree in corporate finance,NAN,NAN,NAN,NAN
147,masters of corporate finance,NAN,NAN,NAN,NAN
148,masters in corporate finance,NAN,NAN,NAN,NAN
149,masters corporate finance,NAN,NAN,NAN,NAN
150,corporate finance masters,NAN,NAN,NAN,NAN
151,masters in finance,NAN,NAN,NAN,NAN
152,masters in international finance,NAN,NAN,NAN,NAN
153,masters in corporate finance rankings,NAN,NAN,NAN,NAN
154,corporate finance masters degree,NAN,NAN,NAN,NAN
155,masters in finance online,NAN,NAN,NAN,NAN
156,best online masters degree in finance,NAN,NAN,NAN,NAN
157,masters degree in finance online,NAN,NAN,NAN,NAN
158,masters accounting online,NAN,NAN,NAN,NAN
159,masters investment management,NAN,NAN,NAN,NAN
160,masters finance online,NAN,NAN,NAN,NAN
161,online finance masters,NAN,NAN,NAN,NAN
162,online masters finance degree,NAN,NAN,NAN,NAN
163,online masters in finance degree,NAN,NAN,NAN,NAN
164,masters in investment management online,NAN,NAN,NAN,NAN
165,online masters in finance and economics,NAN,NAN,NAN,NAN
166,masters finance and investment,NAN,NAN,NAN,NAN
167,masters degree in finance,NAN,NAN,NAN,NAN
168,online masters accounting,NAN,NAN,NAN,NAN
169,online masters accounting degree,NAN,NAN,NAN,NAN
170,masters accounting degree,NAN,NAN,NAN,NAN
171,masters degree in international finance,NAN,NAN,NAN,NAN
172,masters in investment management,NAN,NAN,NAN,NAN
173,masters degree in investment management,NAN,NAN,NAN,NAN
174,investment management masters degree,NAN,NAN,NAN,NAN
175,masters in financial management,NAN,NAN,NAN,NAN
176,finance masters online,NAN,NAN,NAN,NAN
177,masters of financial management,NAN,NAN,NAN,NAN
178,cfa masters,NAN,NAN,NAN,NAN
179,best online finance masters degree,NAN,NAN,NAN,NAN
180,online masters in finance and accounting,NAN,NAN,NAN,NAN
181,finance online masters,NAN,NAN,NAN,NAN
182,online masters in finance program,NAN,NAN,NAN,NAN
183,masters in finance scholarships for international students,NAN,0.0,NAN,51.0
184,international economics and finance masters,NAN,0.0,NAN,0.0
185,international finance and economics masters,NAN,0.0,NAN,0.0
186,international finance masters online,NAN,0.0,NAN,0.0
187,international masters in finance,NAN,0.0,NAN,0.0
188,masters degree in international finance online,NAN,0.0,NAN,0.0
189,masters in international finance and accounting,NAN,0.0,NAN,0.0
190,masters in international finance online,NAN,0.0,NAN,0.0
191,masters international economics and finance,NAN,0.0,NAN,0.0
192,masters international finance online,NAN,0.0,NAN,0.0
193,masters of international economics and finance commerce,NAN,0.0,NAN,0.0
194,online international finance masters degree,NAN,0.0,NAN,0.0
195,online masters in international finance,NAN,0.0,NAN,0.0
196,masters in corporate finance online,NAN,74.46,NAN,0.0
197,best masters ranking in corporate finance,NAN,0.0,NAN,0.0
198,corporate finance masters online,NAN,0.0,NAN,0.0
199,masters corporate finance online,NAN,0.0,NAN,0.0
200,masters in accounting corporate finance,NAN,0.0,NAN,0.0
201,online corporate finance masters,NAN,0.0,NAN,0.0
202,online masters corporate finance,NAN,0.0,NAN,0.0
203,online masters degree in corporate finance,NAN,0.0,NAN,0.0
204,top corporate finance masters,NAN,0.0,NAN,0.0
205,financial risk management masters ranking,NAN,0.0,NAN,0.0
206,investment and financial risk management masters,NAN,0.0,NAN,0.0
207,masters degree financial risk management,NAN,0.0,NAN,0.0
208,masters investment banking,NAN,NAN,NAN,NAN
209,best masters investment banking,NAN,NAN,NAN,NAN
210,online masters in banking,NAN,NAN,NAN,NAN
211,masters banking,NAN,NAN,NAN,NAN
212,master in banking,NAN,NAN,NAN,NAN
213,bank masters,NAN,NAN,NAN,NAN
214,masters in banking online,NAN,NAN,NAN,NAN
215,masters in bank management,NAN,NAN,NAN,NAN
216,masters bank,NAN,NAN,NAN,NAN
217,masters degree in banking and finance,NAN,NAN,NAN,NAN
218,master banking,NAN,NAN,NAN,NAN
219,ma in banking,NAN,NAN,NAN,NAN
220,master of banking,NAN,NAN,NAN,NAN
221,masters in banking,NAN,NAN,NAN,NAN
222,masters of banking,NAN,NAN,NAN,NAN
223,master of investment banking,NAN,NAN,NAN,NAN
224,investment banking courses,NAN,NAN,NAN,NAN
225,bank financial risk management,NAN,NAN,NAN,NAN
226,bank risk management training,NAN,NAN,NAN,NAN
227,risk management corporate banking,NAN,NAN,NAN,NAN
228,bank risk management,NAN,NAN,NAN,NAN
229,financial risk management banking,NAN,NAN,NAN,NAN
230,bank risk management program,NAN,NAN,NAN,NAN
231,masters in international banking and finance,NAN,0.0,NAN,0.0
232,banking and international finance masters,NAN,0.0,NAN,0.0
233,international banking and finance masters,NAN,0.0,NAN,0.0
234,masters in international finance and banking,NAN,0.0,NAN,0.0
235,frm madrid,NAN,NAN,NAN,NAN
236,frm spain,NAN,NAN,NAN,NAN
237,master in financial risk management madrid,NAN,NAN,NAN,NAN
238,master in financial risk management spain,NAN,NAN,NAN,NAN
239,master in frm madrid,NAN,NAN,NAN,NAN
240,master in finance madrid,NAN,NAN,NAN,NAN
241,master in risk management madrid,NAN,NAN,NAN,NAN
